kpp,id,review
KPP Pratama Jakarta Cengkareng,0,"FJ Soekahar
4 reviewsÂ·3 photos
4 months ago
Helpful,  friendly.
1"
KPP Pratama Jakarta Cengkareng,1,"prisma ambara
Local GuideÂ·117 reviewsÂ·362 photos
9 months ago
Good service excellence
Like"
KPP Pratama Jakarta Cengkareng,2,"Ronald Stevanus Susanto
Local GuideÂ·121 reviewsÂ·1,684 photos
3 years ago
Good
1"
KPP Pratama Jakarta Cengkareng,3,"Lita Nisa
1 review
9 months ago
Good
Like
Response from the owner5 months ago
(Translated by Google) Thank you for your response sir/madam ğŸ™

(Original) â€¦More"
KPP Pratama Jakarta Cengkareng,4,"Edwin Fenets
2 reviewsÂ·1 photo
9 months ago
Amazing
Like
Response from the owner5 months ago
(Translated by Google) Thank you for your response sir/madam ğŸ™

(Original) â€¦More"
KPP Pratama Jakarta Cengkareng,5,"A.Fahrurrozi Channel
2 reviews
5 years ago
So happy
Like"
KPP Pratama Jakarta Cengkareng,6,"edi junaedi
Local GuideÂ·717 reviewsÂ·495 photos
2 years ago
ok
Like"
KPP Pratama Jakarta Cengkareng,7,"g dahana
Local GuideÂ·17 reviewsÂ·53 photos
2 years ago
Nice
Like"
KPP Pratama Jakarta Cengkareng,8,"Titik Kelana
Local GuideÂ·114 reviewsÂ·1,796 photos
2 years ago



(Translated by Google) The service is a bit long, not as usual, maybe because many employees leave at the end of the year. For seating / waiting room WP and other facilities are sufficient. The distribution of counters is per problem / WP â€¦More
Like"
KPP Pratama Jakarta Cengkareng,9,"hendri kristiyanto
Local GuideÂ·524 reviewsÂ·2,711 photos
2 years ago









(Translated by Google) In my opinion the service is good, especially during peak times when residents want to report the SPT, here assisted by street vendors from the University and High School â€¦More
3"
KPP Pratama Jakarta Cengkareng,11,"Asiara Subhan
Local GuideÂ·166 reviewsÂ·496 photos
3 years ago













(Translated by Google) This place is comfortable and the people are friendly, all the service is good and fast ..
The prayer place is also good. â€¦More
4"
KPP Pratama Jakarta Cengkareng,12,"Asima Maharani Putri
3 reviews
9 months ago



(Translated by Google) The service directing officer is friendly, the counter guard lady is also good, she explains very patiently. If you want to come, you have to book a queue first, please visit.pajak.go.id, luckily ask the medical staff â€¦More
3
Response from the owner9 months ago
(Translated by Google) Thank you

(Original)
Terima kasih"
KPP Pratama Jakarta Cengkareng,13,"Ratna Wati
1 review
5 months ago



(Translated by Google) Very good and fast service, thank you Sis Fariha

(Original) â€¦More
Like
Response from the owner5 months ago
(Translated by Google) Thank you for your response sir/madam ğŸ™

(Original) â€¦More"
KPP Pratama Jakarta Cengkareng,14,"Kusnandar Dodi
3 reviews
a year ago























(Translated by Google) Tax services by the gentlemen who serve at counter A, in my opinion, are not feasible. â€¦More
1"
KPP Pratama Jakarta Cengkareng,15,"Samuel Liputra
Local GuideÂ·1,431 reviewsÂ·11,513 photos
5 years ago



(Translated by Google) Good place ... a welcoming and friendly place for tax receipts â€¦More
1"
KPP Pratama Jakarta Cengkareng,16,"A Google User
2 reviews
9 months ago



(Translated by Google) The service is quite satisfactory and served by professional officers. Suggest that the place to meet/consult be made into a separate room to make it more comfortable â€¦More
3
Response from the owner5 months ago
(Translated by Google) Thank you for your feedback and suggestions. We will consider the suggestion for better service ğŸ™ğŸ˜Š â€¦More"
KPP Pratama Jakarta Cengkareng,17,"Arif Tan
Local GuideÂ·16 reviewsÂ·8 photos
6 months ago



(Translated by Google) Clean, good service, only the system is still slow...

(Original) â€¦More
1
Response from the owner5 months ago
(Translated by Google) Thank you for your input. We will continue to strive to improve the quality of our services. Thank you ğŸ™ . â€¦More"
KPP Pratama Jakarta Cengkareng,18,"Achmad Fadli
4 reviews
8 months ago



(Translated by Google) When they arrived at the Cengkareng KPP office, they were given a good welcome from the parking attendants, information officers and tax class officers who were very satisfied with their services. â€¦More
Like
Response from the owner5 months ago
(Translated by Google) Thank you for your response. I hope you are satisfied with our service ğŸ™ğŸ˜Š â€¦More"
KPP Pratama Jakarta Cengkareng,19,"Helena Ayu
2 reviews
9 months ago



(Translated by Google) The service is good, the staff is also friendly. I find it helpful to take care of my tax obligations here. Thank you kpp pratama jakarta cengkareng ğŸ˜ŠğŸ™ğŸ» â€¦More
Like
Response from the owner5 months ago
(Translated by Google) Same with sis ğŸ™ğŸ˜Š

(Original)
Sama sama kak ğŸ™ğŸ˜Š"
KPP Pratama Jakarta Cengkareng,20,"Tantria Kusumawardhani
1 review
9 months ago



(Translated by Google) The service provided is good, the staff is friendly and patient in answering questions that I don't understand â€¦More
Like
Response from the owner5 months ago
(Translated by Google) Thank you for your response sir/madam ğŸ™

(Original) â€¦More"
KPP Pratama Jakarta Cengkareng,22,"kpp cengkareng
1 review
a year ago









(Translated by Google) During a pandemic, every visit to the Kpp must register online on the tax visit website.
Agency service telegram (chat only): 085694026661 â€¦More
3"
KPP Pratama Jakarta Cengkareng,23,"pudji rahardjo
2 reviews
a year ago













(Translated by Google) good, those who work here are relaxed ...
employees don't smile.
those who do not understand the opening are guided instead of dictation. â€¦More
7"
KPP Pratama Jakarta Cengkareng,24,"Fina Shintya Dewi
2 reviews
a year ago



(Translated by Google) Government service office but there is no courtesy in serving the community. He spoke harshly, fiercely, snapped in a high tone. Bad service. It should protect the community and be friendly. It's quite the opposite. â€¦More
7"
KPP Pratama Jakarta Cengkareng,25,"Ong Sammi
Local GuideÂ·759 reviewsÂ·4,048 photos
a year ago



(Translated by Google) A tax office with appropriate services sop and well implementing health protocols. â€¦More
Like
Response from the ownera year ago
(Translated by Google) Hello Tax Friends
Thank you for the review
Stick to 3M and adhere to health protocols, yes ğŸ™ â€¦More"
KPP Pratama Jakarta Cengkareng,26,"alexandreia Shella
5 reviews
a year ago



(Translated by Google) it's useless there are so many people at the KPP but no one can work. We, the people, want to solve the tax problem but are made to go round and round, throwing it here and there. it's useless you get paid, you can't â€¦More
9
Response from the ownera year ago
(Translated by Google) Hello Sis Alexandreia, apologize for the inconvenience,
Come to Kpp for the need to take care of what sis?
Last time telegram chat with us, there was no reply whatsoever so we consider â€¦More"
KPP Pratama Jakarta Cengkareng,27,"Tiara Puspitasari
2 reviews
8 months ago



(Translated by Google) Directions in reporting such as are very easy to understand, very well assisted by officers. ğŸ˜ â€¦More
Like
Response from the owner5 months ago
(Translated by Google) Thank you for your response sis ğŸ™

(Original) â€¦More"
KPP Pratama Jakarta Cengkareng,28,"Octavia Naibaho
2 reviews
9 months ago



(Translated by Google) Very satisfying service. The staff is friendly and responsive to the needs of WP â€¦More
Like
Response from the owner5 months ago
(Translated by Google) Thank you for your response sis ğŸ™

(Original) â€¦More"
KPP Pratama Jakarta Cengkareng,29,"Rosa Kristiani
3 reviews
3 years ago



(Translated by Google) In my opinion, the employees lack coordination. When I want to reprint npwp, it is directed to queue at the counter with lots of queues. As soon as it was my turn, the officer immediately directed inside. In addition, â€¦More
3"
KPP Pratama Jakarta Cengkareng,30,"Deasy Faradhina
14 reviews
a year ago



(Translated by Google) Ladies and gentlemen who guard the door are kind and polite to help ğŸ‘ ,, But the officers inside are jutek and songong giving explanations, if not patient ğŸ‘ â€¦More
3"
KPP Pratama Jakarta Cengkareng,31,"SYAIFUL ADIPURNAMA
1 reviewÂ·2 photos
a year ago



(Translated by Google) asked to register the queue online, turn to register only to open 3 days in the future, the date is full, the tax office is the worst in my opinion â€¦More
5"
KPP Pratama Jakarta Cengkareng,33,"Snatches of Memory
Local GuideÂ·13 reviewsÂ·40 photos
3 years ago



(Translated by Google) It's difficult because you have to register online first

(Original) â€¦More
Like"
KPP Pratama Jakarta Cengkareng,34,"Muhamad Mustakim
Local GuideÂ·43 reviewsÂ·4 photos
a year ago



(Translated by Google) Reviews For the service too lousy for tax matters to consumers, the place to fill out the form is also not feasible. We are obedient and taxpayers, you are paid from taxes at least excellent service is shown â€¦More
6"
KPP Pratama Jakarta Cengkareng,35,"Lia Hikmatulmaula
1 review
8 months ago



(Translated by Google) DITLP NEVER APPROVED BUSY IT IS WONDERFUL. THIS PHONE IS NOT TURNING ON WHAT'S WHAT THE HELL â€¦More
1
Response from the owner8 months ago
(Translated by Google) Good afternoon, sorry for the inconvenience ğŸ™

You can call this number, bro (021) 5419419, (021) 5401737, (021) 5402764 â€¦More"
KPP Pratama Jakarta Cengkareng,36,"atmia ningsih
Local GuideÂ·29 reviewsÂ·3 photos
9 months ago





(Translated by Google) The service is good, friendly and fast
Anyway, satisfied with the service â€¦More
Like
Response from the owner5 months ago
(Translated by Google) Thank you for your response sis ğŸ™

(Original) â€¦More"
KPP Pratama Jakarta Cengkareng,37,"fernando huang
4 reviewsÂ·2 photos
9 months ago



(Translated by Google) The service is very professional and friendly. Greatly helped. Thank you Mr. Mahendra. ğŸ™ğŸ™ğŸ™ â€¦More
Like
Response from the owner5 months ago
(Translated by Google) Thank you again sis ğŸ™ .

(Original)
Terima kasih kembali kak ğŸ™ğŸ˜Š"
KPP Pratama Jakarta Cengkareng,38,"Yohanes Iyon
2 reviews
9 months ago



(Translated by Google) Not on time. Until 8.15 still no one is serving

(Original) â€¦More
1
Response from the owner5 months ago
(Translated by Google) Thank you for your input. We will always try to improve our service ğŸ™ğŸ˜Š â€¦More"
KPP Pratama Jakarta Cengkareng,39,"hermawan eti
Local GuideÂ·26 reviewsÂ·3 photos
2 years ago



(Translated by Google) The service was unsatisfactory, queuing for a long time I was already called by PB because I was refused on the grounds that the input was long, I deplored the words of the officers who were on duty today Tuesday, â€¦More
4"
KPP Pratama Jakarta Cengkareng,40,"Adi Acik
Local GuideÂ·8 reviewsÂ·43 photos
2 years ago























(Translated by Google) I made a body NPWP on 18 September 2014 not yet reached the address until now. â€¦More
3"
KPP Pratama Jakarta Cengkareng,41,"Aldi Yansah
2 reviews
a year ago



(Translated by Google) I registered that the online NPWP has been approved. But I'm confused about taking the card. What are the preparations to bring, please ask for the information? â€¦More
Like"
KPP Pratama Jakarta Cengkareng,42,"Silvi Lutfiah
Local GuideÂ·78 reviewsÂ·2 photos
3 years ago



(Translated by Google) I just wanted to make NPWP in really difficult, the officers were fierce, not friendly, they asked nicely, they answered snaps. He said that Indonesian citizens must obey taxes, it is their turn to obey taxes, instead â€¦More
8"
KPP Pratama Jakarta Cengkareng,44,"Yiyin Yuniarti
1 review
2 years ago







(Translated by Google) I registered at KPP Cilacap, when I was having problems with digital certificates, I came to Cengkareng KPP today. 26 Dec 2019, because in a state of vacation â€¦More
2"
KPP Pratama Jakarta Cengkareng,45,"Impor I
7 reviews
2 years ago



(Translated by Google) if you want to take the NPWP, how can you help me? the whatsap kpp number mentioned on the answering machine is not registered, how can I get help from the service. thank you â€¦More
3"
KPP Pratama Jakarta Cengkareng,46,"Ido Genesio
Local GuideÂ·73 reviewsÂ·34 photos
5 years ago



(Translated by Google) Very very bad. There are only 1 employee serving hundreds of people. Customers queue for 3 hours. Really unprofessional. The good head is replaced because it is incompetent. â€¦More
8"
KPP Pratama Jakarta Cengkareng,47,"Ayi Aisyah
1 review
2 years ago









(Translated by Google) The working hours are really awesome.
It is written on the web at 8. Until half past 9 there is no service.
Please fix it. â€¦More
1"
KPP Pratama Jakarta Cengkareng,48,"Genis AR
1 review
9 months ago



(Translated by Google) Thank God, on the edge of the toll road, you can still access it from Depok. Success Cengkareng can! â€¦More
Like"
KPP Pratama Jakarta Cengkareng,49,"dewi pelangi
1 review
8 months ago



(Translated by Google) Good, friendly and fast service ğŸ‘ğŸ™‚

(Original) â€¦More
1"
KPP Pratama Jakarta Cengkareng,50,"3309 teluk gong
1 review
a year ago



(Translated by Google) operator services that always pass the conversation where the ending is always closed during the extension transition, please improve the service as best as possible â€¦More
6"
KPP Pratama Jakarta Cengkareng,51,"Ahmad Jayadi
2 reviews
2 years ago



(Translated by Google) It was past break time but the npwp service counter was not available yet. In fact, he said the break until 13:00. It was past 30 minutes and it hadn't opened yet ... not on time .. â€¦More
5"
KPP Pratama Jakarta Cengkareng,52,"kurnia awaliyah
10 reviews
a year ago



(Translated by Google) On google info tto 16.00 right at 15.00 ttp, please give me the correct info â€¦More
2"
KPP Pratama Jakarta Cengkareng,53,"Shafira Mutiara
1 review
9 months ago



(Translated by Google) service has been better and very helpful.

(Original) â€¦More
Like"
KPP Pratama Jakarta Cengkareng,55,"Ronah
4 reviewsÂ·1 photo
2 years ago



(Translated by Google) Want to ask Efin, it is clear that I have to come to the tax office, when I came, he even said that if he wanted to get it, Efin had to be online, wasn't it clear !!! â€¦More
6"
KPP Pratama Jakarta Cengkareng,56,"Maria Finsensia
6 reviewsÂ·7 photos
2 years ago



(Translated by Google) Old Service Istrhat before 12 o'clock until half past two long for the queue ticket attendant to get a bad ticket for the service â€¦More
7"
KPP Pratama Jakarta Cengkareng,57,"Ayuning Jagad
1 review
a year ago



(Translated by Google) Is it true during the pandemic the office is only open until 12 ... the problem is from the guard's info in front of it ... pleace response â€¦More
Like
Response from the ownera year ago
(Translated by Google) Hello Tax Friends
Service time starts every Monday-Friday at 08.00-16.00 WIB, Sis
Please take the online queue first via kunjung.pajak.go.id, Sis before coming to â€¦More"
KPP Pratama Jakarta Cengkareng,58,"Randi Law
Local GuideÂ·110 reviewsÂ·134 photos
a year ago



(Translated by Google) The service is very slow and the counters that serve only 2 of the many counters available. â€¦More
3"
KPP Pratama Jakarta Cengkareng,59,"Penginjil Akhir Zaman
1 review
8 months ago



(Translated by Google) Easy to understand and patient in teaching so you can understand quickly â€¦More
Like
Response from the owner5 months ago
(Translated by Google) Thank you for your response sis ğŸ™

(Original) â€¦More"
KPP Pratama Jakarta Cengkareng,60,"Fath Jihan
Local GuideÂ·53 reviewsÂ·27 photos
9 months ago



(Translated by Google) Fast service, friendly staff, easy flow

(Original) â€¦More
Like
Response from the owner5 months ago
(Translated by Google) Thank you for your response sis ğŸ™

(Original) â€¦More"
KPP Pratama Jakarta Cengkareng,61,"Ratu Fauziah
14 reviewsÂ·8 photos
2 years ago



(Translated by Google) How come it doesn't make on-line delivery yet, is it the NPWP card? Please give me an information, the problem is it's been almost a month or more â€¦More
3"
KPP Pratama Jakarta Cengkareng,62,"Nur Riyan
4 reviews
4 years ago



(Translated by Google) I have been calling for hours at a time when it's difficult to lift it, but the phone is on hold for a while, wait for almost half an hour or not to confirm what "", it's really bad. â€¦More
4"
KPP Pratama Jakarta Cengkareng,63,"Yenny Anggraini
7 reviewsÂ·17 photos
a year ago



(Translated by Google) THOSE WHO HAVE NOT EATED FOR 3 DAYS, JUTEK, SENSI, GALAK. IF LAPER EATS PACK DON'T BE ANGRY ANGRY UNTIL PEOPLE BEAT â€¦More
8"
KPP Pratama Jakarta Cengkareng,64,"Henkur Takayasa
4 reviews
9 months ago



(Translated by Google) The staff are friendly. The service is also efficient here â€¦More
Like
Response from the owner5 months ago
(Translated by Google) Thank you for your response sir/madam ğŸ™

(Original) â€¦More"
KPP Pratama Jakarta Cengkareng,66,"Novi Nurmayanti
1 review
a year ago



(Translated by Google) Who looks after the receptionist at dpn Jutek + is really fierce (if the security guard is really friendly) â€¦More
3
Response from the ownera year ago
(Translated by Google) Hello Tax Friends
Sorry for the inconvenience
In the future, we will fix it, Sis â€¦More"
KPP Pratama Jakarta Cengkareng,67,"Netijen_ Netijen_
1 review
5 years ago



(Translated by Google) service is less friendly asking questions in may not have heard the term shame to ask astray on the road â€¦More
4"
KPP Pratama Jakarta Cengkareng,68,"hata tomiaki
8 reviewsÂ·11 photos
2 years ago



(Translated by Google) I'm a Japanese person, don't report corporate taxes, so there is a neneng mother in the helpdesk section helping me report taxes, teach me time and time again not to bother, until after reporting the tax â€¦More
2"
KPP Pratama Jakarta Cengkareng,69,"Maria Hutapea
11 reviews
5 years ago



(Translated by Google) No, there isn't anything that can be contacted, he said, 26th Sunday open, why was it closed today, actually where y right, it's worth the long trip â€¦More
5"
KPP Pratama Jakarta Cengkareng,70,"eygra araetha
1 review
9 months ago



(Translated by Google) Great service, friendly staff

(Original) â€¦More
Like
Response from the owner5 months ago
(Translated by Google) Thank you for your response sir/madam ğŸ™

(Original) â€¦More"
KPP Pratama Jakarta Cengkareng,71,"B Maulana
4 reviewsÂ·5 photos
a year ago



(Translated by Google) Blum is too satisfied with the service. Let's see soon ... â€¦More
3"
KPP Pratama Jakarta Cengkareng,72,"Nur Azizah
4 reviews
a year ago



(Translated by Google) I want to ask if the KPP tax office is open at the time of new normal like this, because I want to make a NPWP â€¦More
Like"
KPP Pratama Jakarta Cengkareng,73,"Heni Juhaeni
1 review
8 months ago



(Translated by Google) Tax class service is friendly and easy to understand

(Original) â€¦More
1"
KPP Pratama Jakarta Cengkareng,74,"Bin Alwahid
1 review
2 years ago



(Translated by Google) Overall, the service in this office is good. Even though I am not WP Cengkareng, I am still served by the consultation section well. Tp KPP Cengkareng. â€¦More
Like"
KPP Pratama Jakarta Cengkareng,75,"Nurullfah agustin
1 review
3 years ago



(Translated by Google) please, the receptionist is really arrogant. I can't really smile, astagfirullah 3 times to the bitchy tax office â€¦More
4"
KPP Pratama Jakarta Cengkareng,77,"martin andio
1 review
6 years ago



(Translated by Google) It's hard to call the tax office! How do people pay taxes properly! And all there is no need for a tax office! So no one will contact! â€¦More
7"
KPP Pratama Jakarta Cengkareng,78,"moelyadi thajib
2 reviews
4 years ago



(Translated by Google) tel many times finally lifted, connect to the operator continue to be connected to the relevant section ... after that, listen to the music ting tong ting tong course ... â€¦More
7"
KPP Pratama Jakarta Cengkareng,79,"HM Hasanudin
Local GuideÂ·73 reviewsÂ·112 photos
3 years ago







(Translated by Google) Large parking area
And the fathers who guard the parking lot don't want to accept a penny.
Salute ğŸ‘ğŸ‘ğŸ‘ğŸ‘ğŸ‘ğŸ‘ğŸ‘ğŸ‘ğŸ‘ğŸ‘ğŸ‘ â€¦More
2"
KPP Pratama Jakarta Cengkareng,80,"Maulana Akbar
3 reviews
4 years ago



(Translated by Google) Very disappointing, the reception system was disorganized and the waiter was very slow, and not as effective as in his vision â€¦More
4"
KPP Pratama Jakarta Cengkareng,81,"desyola sukma
1 reviewÂ·2 photos
3 years ago



(Translated by Google) No. Tel. appropriate but never lifted. In giving another telephone number, the same as tax, but even wrongly dialed ... hadeehh â€¦More
3"
KPP Pratama Jakarta Cengkareng,82,"gak jadi
1 review
9 months ago



(Translated by Google) the toilet is really bad, inhumane.

(Original) â€¦More
2
Response from the owner5 months ago
(Translated by Google) Thank you for your input. We will always try to improve our service ğŸ™ğŸ˜Š â€¦More"
KPP Pratama Jakarta Cengkareng,83,"Ditanti Oktaviani
2 reviews
9 months ago



(Translated by Google) Very good chat response, very helpfulğŸ™

(Original) â€¦More
Like
Response from the owner5 months ago
(Translated by Google) Thank you for your response sis ğŸ™

(Original) â€¦More"
KPP Pratama Jakarta Cengkareng,84,"Liana Heru
1 review
a year ago



(Translated by Google) Bad service for the public or society. From the security to the counter â€¦More
3"
KPP Pratama Jakarta Cengkareng,85,"Alvio Lourenzia Ajti
1 review
9 months ago



(Translated by Google) Very satisfying service ğŸ‘ğŸ»ğŸ‘ğŸ»

(Original) â€¦More
Like"
KPP Pratama Jakarta Cengkareng,86,"Yogi Pranata
1 review
3 years ago



(Translated by Google) can't be called. I've been tried for more than an hour, disappointing unprofessional, like on purpose â€¦More
4"
KPP Pratama Jakarta Cengkareng,88,"Via Astari
1 reviewÂ·6 photos
a year ago



(Translated by Google) The ticket counter waiter is not good, fierce, not friendly â€¦More
6"
KPP Pratama Jakarta Cengkareng,89,"Vico Chan
1 reviewÂ·8 photos
3 years ago



(Translated by Google) The service is long .. and the employees are gone before leaving â€¦More
7"
KPP Pratama Jakarta Cengkareng,90,"Narno Makarti
1 review
6 years ago



(Translated by Google) The people want to pay taxes so complicated, they don't pay for being forced to pay. Can the procedure be simplified ... â€¦More
7"
KPP Pratama Jakarta Cengkareng,91,"Muhammad Kholili
Local GuideÂ·33 reviewsÂ·25 photos
5 years ago



(Translated by Google) That's great, but my thesis permission was rejected outright, sick but not bloody â€¦More
2"
KPP Pratama Jakarta Cengkareng,92,"Parolan Samosir
1 review
9 months ago



(Translated by Google) The service is increasing

(Original) â€¦More
Like
Response from the owner5 months ago
(Translated by Google) Thank you for your response sir/madam ğŸ™

(Original) â€¦More"
KPP Pratama Jakarta Cengkareng,93,"Rifqi Aziz
1 review
9 months ago



(Translated by Google) The office is comfortable, the service is good

(Original) â€¦More
Like"
KPP Pratama Jakarta Cengkareng,94,"wkphing aping
Local GuideÂ·454 reviewsÂ·1,642 photos
3 years ago



(Translated by Google) The office is comfortable, many trees so cool. Still quiet after Eid â€¦More
1"
KPP Pratama Jakarta Cengkareng,95,"Abdul Hakim
1 review
9 months ago



(Translated by Google) Good service with friendly staff

(Original) â€¦More
Like
Response from the owner5 months ago
(Translated by Google) Thank you for your response sir/madam ğŸ™

(Original) â€¦More"
KPP Pratama Jakarta Cengkareng,96,"Demukti Channel
1 review
a year ago



(Translated by Google) The service is very satisfying and the response is fast. Thanks â€¦More
Like"
KPP Pratama Jakarta Cengkareng,97,"KAKARADIT Channel
3 reviews
a year ago





(Translated by Google) Please improve more services for society.
Thank you â€¦More
2"
KPP Pratama Jakarta Cengkareng,99,"Maftukin _
1 review
5 years ago



(Translated by Google) This office sleeps all the time, yes, the employees are called, but no one picks up â€¦More
7"
KPP Pratama Jakarta Cengkareng,100,"Petrus pernando
1 review
8 months ago



(Translated by Google) Tax class service at KPP Pratama Cengkareng Friendly and cool ğŸ‘ğŸ‘ğŸ‘ğŸ‘ğŸ‘ â€¦More
Like
Response from the owner5 months ago
(Translated by Google) Thank you for your response. Don't forget to join the next tax class, sis ğŸ™ğŸ˜Š â€¦More"
KPP Pratama Jakarta Cengkareng,101,"Ari â€œSi gantengâ€ Tama
Local GuideÂ·132 reviews
2 years ago



(Translated by Google) The service is good and there is a mosque behind this Tax Office. â€¦More
1"
KPP Pratama Jakarta Cengkareng,102,"Fahmi Aji
1 review
3 years ago





(Translated by Google) There are many lengths of service
disappearing workers before the time to go home â€¦More
3"
KPP Pratama Jakarta Cengkareng,103,"Denny
5 reviewsÂ·1 photo
a year ago



(Translated by Google) of the 3 telephone numbers all cannot be connected, difficult to contact â€¦More
3"
KPP Pratama Jakarta Cengkareng,104,"Vivi Irine
1 reviewÂ·2 photos
4 years ago



(Translated by Google) the telephone is very difficult to contact and the officers are very unfriendly when serving. â€¦More
4"
KPP Pratama Jakarta Cengkareng,105,"Muflih Luthfiana Ihsani
2 reviewsÂ·1 photo
a year ago



(Translated by Google) unsatisfactory service. thrown everywhere

(Original) â€¦More
2
Response from the ownera year ago
(Translated by Google) Hello Tax Friends
Sorry in advance for the inconvenience
Can you please inform us about complaints about the service as an evaluation â€¦More"
KPP Pratama Jakarta Cengkareng,106,"Arinda Rahma
1 review
9 months ago
(Translated by Google) Satisfactory serviceğŸ‘ğŸ»

(Original)
Pelayanan memuaskanğŸ‘ğŸ»
Like"
KPP Pratama Jakarta Cengkareng,107,"Bram Putera
7 reviewsÂ·8 photos
4 years ago
(Translated by Google) Arrives at 11, ends at 16

(Original)
Datang jam 11, selesai jam 16
1"
KPP Pratama Jakarta Cengkareng,108,"Djupri Parta
3 reviews
5 years ago



(Translated by Google) no. the phone is hard to contact, it's better to close the tax office. â€¦More
9"
KPP Pratama Jakarta Cengkareng,110,"Subirin Birin
Local GuideÂ·103 reviewsÂ·6 photos
2 years ago



(Translated by Google) Clean and comfortable tax service office with very friendly service â€¦More
Like"
KPP Pratama Jakarta Cengkareng,111,"Arya Wiguna
5 reviewsÂ·4 photos
3 years ago



(Translated by Google) The servant is a king, not intelligent, not appreciative

(Original) â€¦More
3"
KPP Pratama Jakarta Cengkareng,112,"Laksita Ciputra
1 review
9 months ago
(Translated by Google) Steady and friendly service

(Original)
Pelayanan mantap dan ramah
Like
Response from the owner5 months ago
(Translated by Google) Thank you for your response sis ğŸ™

(Original) â€¦More"
KPP Pratama Jakarta Cengkareng,113,"Imam Darda
1 review
a year ago
(Translated by Google) The service is super fast.

(Original)
Pelayanannya super cepat.
Like"
KPP Pratama Jakarta Cengkareng,114,"Enny Swan
Local GuideÂ·23 reviewsÂ·10 photos
3 years ago



(Translated by Google) the old service on the phone on the oper op is unclear ... â€¦More
3"
KPP Pratama Jakarta Cengkareng,115,"Rani Fatharani
1 review
9 months ago
(Translated by Google) The service is okay ğŸ‘ğŸ»

(Original)
Layanannya oke ğŸ‘ğŸ»
Like"
KPP Pratama Jakarta Cengkareng,116,"Nur Amalina
2 reviews
a year ago



(Translated by Google) The service is good and the staff is friendly

(Original) â€¦More
Like"
KPP Pratama Jakarta Cengkareng,117,"Yayan Arifin
1 review
8 months ago



(Translated by Google) Friendly service in tax class

(Original) â€¦More
Like
Response from the owner5 months ago
(Translated by Google) Thank you for your response. Don't be bored to join the next tax class, sis ğŸ™ğŸ˜Š â€¦More"
KPP Pratama Jakarta Cengkareng,118,"maulani
Local GuideÂ·8 reviewsÂ·14 photos
3 years ago



(Translated by Google) The service is very good

(Original) â€¦More
1"
KPP Pratama Jakarta Cengkareng,119,"Fadjar T
Local GuideÂ·37 reviewsÂ·55 photos
5 years ago



(Translated by Google) The location is appropriate. It used to be wrong tag ... it went wrong â€¦More
Like"
KPP Pratama Jakarta Cengkareng,121,"Fajar Agung Pambudi
Local GuideÂ·19 reviewsÂ·4 photos
9 months ago
(Translated by Google) Clean and spacious parking.

(Original)
Parkiran luas dan bersih.
Like
Response from the owner5 months ago
(Translated by Google) Thank you for your response sir/madam ğŸ™

(Original) â€¦More"
KPP Pratama Jakarta Cengkareng,122,"The zombies View
1 review
8 months ago
(Translated by Google) Friendly tax class service

(Original)
Pelayanan kelas pajak ramah
Like
Response from the owner5 months ago
(Translated by Google) Thank you for your response. Join again in the next tax class, sis ğŸ™ğŸ˜Š â€¦More"
KPP Pratama Jakarta Cengkareng,123,"Yuni Artha
Local GuideÂ·1 reviewÂ·8 photos
3 years ago



(Translated by Google) The officers are average, except for street vendors

(Original) â€¦More
4"
KPP Pratama Jakarta Cengkareng,124,"Adit Imron
3 reviews
2 years ago



(Translated by Google) Slow or not like Kpp kalideres response

(Original) â€¦More
4"
KPP Pratama Jakarta Cengkareng,125,"Reinz Tan
13 reviews
4 years ago



(Translated by Google) officers complicate who intend to make NPWP.

(Original) â€¦More
4"
KPP Pratama Jakarta Cengkareng,126,"briandana hendra
1 review
9 months ago
ğŸ‘
Like"
KPP Pratama Jakarta Cengkareng,127,"Aries Mu
Local GuideÂ·143 reviewsÂ·304 photos
4 years ago



(Translated by Google) Oc services and a large parking area

(Original) â€¦More
Like"
KPP Pratama Jakarta Cengkareng,128,"Berkah Ilmu
12 reviews
2 years ago
(Translated by Google) The helpdesk is very good

(Original)
Helpdesknya oke bangetttttt
Like"
KPP Pratama Jakarta Cengkareng,129,"Andry
Local GuideÂ·70 reviewsÂ·14 photos
9 months ago
(Translated by Google) DGT Strong, Advanced Indonesia

(Original)
DJP Kuat Indonesia Maju
Like
Response from the owner5 months ago
(Translated by Google) Indonesia's strong DGT advances

(Original)
DJP kuat Indonesia maju ğŸ”¥"
KPP Pratama Jakarta Cengkareng,130,"Derry â€œipulâ€ Antonio
1 review
4 years ago



(Translated by Google) Agree with moeltadji. bad service.

(Original) â€¦More
3"
KPP Pratama Jakarta Cengkareng,132,"Syaifudin Zuhri
Local GuideÂ·160 reviewsÂ·127 photos
4 years ago



(Translated by Google) Report like here ... carrefour mall

(Original) â€¦More
1"
KPP Pratama Jakarta Cengkareng,133,"Irfan
Local GuideÂ·1,380 reviewsÂ·3,482 photos
5 years ago



(Translated by Google) Have you been here to replace NPWP. Pretty good

(Original) â€¦More
Like"
KPP Pratama Jakarta Cengkareng,134,"Lutfi Maulana
Local GuideÂ·110 reviewsÂ·109 photos
10 months ago
(Translated by Google) Public service office

(Original)
Kantor pelayanan publik
Like"
KPP Pratama Jakarta Cengkareng,135,"kaka tiyo
1 review
9 months ago
(Translated by Google) Add cool

(Original)
Tambah keren
Like"
KPP Pratama Jakarta Cengkareng,136,"Semoga Bermanfaat
5 reviews
3 years ago
(Translated by Google) Tai rich service ... !!

(Original)
Pelayanan kaya tai..!!
4"
KPP Pratama Jakarta Cengkareng,137,"Sandhiya Rahmad
Local GuideÂ·28 reviewsÂ·14 photos
5 years ago
(Translated by Google) Bad waitress, queued up a lot

(Original)
Pelayan buruk, ngantri banyak
2"
KPP Pratama Jakarta Cengkareng,138,"Edy Suranta S Maha
3 reviews
4 years ago



(Translated by Google) the phone is difficult, it's so complicated

(Original) â€¦More
3"
KPP Pratama Jakarta Cengkareng,139,"Walid Mustaqim
Local GuideÂ·253 reviewsÂ·38 photos
5 years ago
(Translated by Google) It's really hard when on the phone ...

(Original)
Susah sekali kalau di tlp..
2"
KPP Pratama Jakarta Cengkareng,140,"moccachimoo
1 review
4 years ago



(Translated by Google) yes it is very difficult to contact :( :(

(Original) â€¦More
1"
KPP Pratama Jakarta Cengkareng,141,"Ss_Sea
1 reviewÂ·12 photos
5 years ago
(Translated by Google) Sll satisfied sm the service ....

(Original)
Sll puas sm pelayanannya....
Like"
KPP Pratama Jakarta Cengkareng,143,"Teddy Tan
Local GuideÂ·88 reviewsÂ·71 photos
2 years ago
(Translated by Google) Old building, good service

(Original)
Bangunan tua, pelayanan bagus
Like"
KPP Pratama Jakarta Cengkareng,144,"Gunk Laughing
Local GuideÂ·7 reviewsÂ·1 photo
a year ago
(Translated by Google) Good luck, bro

(Original)
Good luck ya gan
Like"
KPP Pratama Jakarta Cengkareng,145,"Derry Cengkareng
1 review
3 years ago



(Translated by Google) the explanation is clear and the help is clear.. thanks yaa . . . . . . . . . . . . . . . . . . . . . . . . . . . . . . . . . . â€¦More
Like"
KPP Pratama Jakarta Cengkareng,146,"Aji Krisna
1 review
9 months ago
(Translated by Google) Well

(Original)
Baik
Like
Response from the owner5 months ago
(Translated by Google) Thank you for your response ğŸ™ğŸ™

(Original) â€¦More"
KPP Pratama Jakarta Cengkareng,147,"ASHWIN SETUCER
Local GuideÂ·195 reviewsÂ·2,391 photos
4 years ago



(Translated by Google) Haven't had the chance to come here yet

(Original) â€¦More
Like"
KPP Pratama Jakarta Cengkareng,148,"s dv
1 review
3 years ago
(Translated by Google) The service is good.

(Original)
Pelayanannya bagus kok.
1"
KPP Pratama Jakarta Cengkareng,149,"Martino onit T
Local GuideÂ·22 reviewsÂ·49 photos
6 years ago
(Translated by Google) It's much better ...

(Original)
Sudah jauh lebih Baik..
Like"
KPP Pratama Jakarta Cengkareng,150,"sabrina airinnisa
1 review
3 years ago
(Translated by Google) Clean the ktr

(Original)
Bersih ktr nya
Like"
KPP Pratama Jakarta Cengkareng,151,"keluarga Pramana
Local GuideÂ·9 reviewsÂ·11 photos
4 years ago
(Translated by Google) Service is not fast

(Original)
Pelayanan kurang cepat
1"
KPP Pratama Jakarta Cengkareng,152,"LANDI MESSAKH
Local GuideÂ·46 reviews
6 years ago



(Translated by Google) Report SPT.males antri'y doang ..

(Original) â€¦More
Like"
KPP Pratama Jakarta Cengkareng,154,"Priescha Uky
Local GuideÂ·97 reviewsÂ·37 photos
6 years ago



(Translated by Google) Making npwp here is easy and free

(Original) â€¦More
Like"
KPP Pratama Jakarta Cengkareng,155,"miss boncu
1 review
2 years ago
sangat membantu sekali
Like"
KPP Pratama Jakarta Cengkareng,156,"Javanacronindo
359 reviewsÂ·858 photos
5 years ago
(Translated by Google) The bride is annoying arghhhh

(Original)
Ngantrinya nyebelin arghhhh
Like"
KPP Pratama Jakarta Cengkareng,157,"cencen Muktar
5 reviews
a year ago
(Translated by Google) Pretty neat and orderly

(Original)
Cukup rapi dan tertib
Like"
KPP Pratama Jakarta Cengkareng,158,"risma pardede
1 review
9 months ago
(Translated by Google) TOP BGT... ğŸ‘ğŸ‘

(Original)
TOP BGT... ğŸ‘ğŸ‘
Like"
KPP Pratama Jakarta Cengkareng,159,"Prima Laras
3 reviews
5 years ago
(Translated by Google) Just remove that phone number

(Original)
Copot aja itu nomor telpnya
3"
KPP Pratama Jakarta Cengkareng,160,"Delta
Local GuideÂ·70 reviewsÂ·82 photos
a year ago"
KPP Pratama Jakarta Cengkareng,161,"taufan iqbal
39 reviewsÂ·2 photos
5 years ago



(Translated by Google) fierce and unfriendly security

(Original) â€¦More
2"
KPP Pratama Jakarta Cengkareng,162,"Sri Lestari
Local GuideÂ·6 reviewsÂ·13 photos
4 years ago
(Translated by Google) Fast and comfortable

(Original)
Cepat dan nyaman
Like"
KPP Pratama Jakarta Cengkareng,163,"Pardi Sinaga
Local GuideÂ·232 reviewsÂ·144 photos
3 years ago



(Translated by Google) easy to access by vehicle ....

(Original) â€¦More
1"
KPP Pratama Jakarta Cengkareng,165,"yabuki nako
1 review
3 years ago
(Translated by Google) Really good..

(Original)
Mantul..
Like"
KPP Pratama Jakarta Cengkareng,166,"Gianti Puri Dewi
1 review
4 years ago
(Translated by Google) It's hard to contact KPP.

(Original)
Sulit untuk menghubungi KPP.
2"
KPP Pratama Jakarta Cengkareng,167,"Joel Nadeak
3 reviewsÂ·1 photo
5 years ago



(Translated by Google) Hard to contact and unprofessional

(Original) â€¦More
3"
KPP Pratama Jakarta Cengkareng,168,"Neneng Astuti
2 reviews
3 years ago
(Translated by Google) Cool

(Original)
Sejuk
1"
KPP Pratama Jakarta Cengkareng,169,"One Sia
Local GuideÂ·116 reviewsÂ·87 photos
5 years ago
Lumayan
Like"
KPP Pratama Jakarta Cengkareng,170,"Gozy Faiq
3 reviewsÂ·2 photos
5 years ago
(Translated by Google) How to make NPWP

(Original)
Bikin npwp bagaimana
2"
KPP Pratama Jakarta Cengkareng,171,"Gofur Syaputra
1 review
6 years ago
(Translated by Google) Cengkareng tax

(Original)
Pajak cengkareng
Like"
KPP Pratama Jakarta Cengkareng,172,"THK Willy
4 reviews
2 years ago"
KPP Pratama Jakarta Cengkareng,173,"UKI Cengkareng
9 months ago"
KPP Pratama Jakarta Cengkareng,174,"Dian Mergidayana
5 years ago"
KPP Pratama Jakarta Cengkareng,176,"Ristanty F
9 months ago"
KPP Pratama Jakarta Cengkareng,177,"Sri Wahyu
9 months ago"
KPP Pratama Jakarta Cengkareng,178,"Sila Nazwa
a year ago"
KPP Pratama Jakarta Cengkareng,179,"abdus salam
9 months ago"
KPP Pratama Jakarta Cengkareng,180,"Yosafat Probo Kuncoro
Local GuideÂ·18 reviewsÂ·131 photos
3 years ago"
KPP Pratama Jakarta Cengkareng,181,"Halaman Bisnis Berkah
Local GuideÂ·62 reviewsÂ·1,462 photos
2 years ago"
KPP Pratama Jakarta Cengkareng,182,"Rendi Kristiawan
9 months ago"
KPP Pratama Jakarta Cengkareng,183,"shobirin nikmat
1 reviewÂ·2 photos
5 months ago"
KPP Pratama Jakarta Cengkareng,184,"Ade Awalludin
Local GuideÂ·12 reviewsÂ·41 photos
9 months ago"
KPP Pratama Jakarta Cengkareng,185,"Krisna Bagustama
2 reviews
5 years ago"
KPP Pratama Jakarta Cengkareng,187,"Mursalaty Arie Astuti
9 months ago"
KPP Pratama Jakarta Cengkareng,188,"Aan Scremoe
6 years ago"
KPP Pratama Jakarta Cengkareng,189,"Pratama Ari
2 years ago"
KPP Pratama Jakarta Cengkareng,190,"Budi Satria Poha
Local GuideÂ·4 reviewsÂ·35 photos
4 years ago"
KPP Pratama Jakarta Cengkareng,191,"Eka Purnama sari
9 months ago"
KPP Pratama Jakarta Cengkareng,192,"Octa Fesbuk
a year ago"
KPP Pratama Jakarta Cengkareng,193,"martua sihombing
1 reviewÂ·3 photos
9 months ago"
KPP Pratama Jakarta Cengkareng,194,"Herdani Atika
9 months ago"
KPP Pratama Jakarta Cengkareng,195,"Agustinus Mba
4 reviews
3 years ago"
KPP Pratama Jakarta Cengkareng,196,"Eko Wibowo
1 review
9 months ago"
KPP Pratama Jakarta Cengkareng,198,"Elce 068
9 months ago"
KPP Pratama Jakarta Cengkareng,199,"Yosua Simon
2 reviews
2 years ago"
KPP Pratama Jakarta Cengkareng,200,"Adella Nursafitri
1 review
9 months ago"
KPP Pratama Jakarta Cengkareng,201,"driawan aleee
Local GuideÂ·6 reviewsÂ·31 photos
5 years ago"
KPP Pratama Jakarta Cengkareng,202,"Anisa Fatma
9 months ago"
KPP Pratama Jakarta Cengkareng,203,"lasin Ae
Local GuideÂ·149 reviewsÂ·65 photos
5 years ago"
KPP Pratama Jakarta Cengkareng,204,"raden arief
1 reviewÂ·4 photos
2 years ago"
KPP Pratama Jakarta Cengkareng,205,"OBITO CHANNEL
1 reviewÂ·1 photo
4 months ago"
KPP Pratama Jakarta Cengkareng,206,"andy laksana
Local GuideÂ·3 reviewsÂ·904 photos
2 years ago"
KPP Pratama Jakarta Cengkareng,207,"Hervindy Radit
9 months ago"
KPP Pratama Jakarta Cengkareng,209,"Ahmad Bachrudin
11 months ago"
KPP Pratama Jakarta Cengkareng,210,"Erwin Priyambodo
Local GuideÂ·34 reviewsÂ·3 photos
9 months ago"
KPP Pratama Jakarta Cengkareng,211,"Aulia Taufiq Ghofur
1 reviewÂ·1 photo
9 months ago"
KPP Pratama Jakarta Cengkareng,212,"mahendra lesmana
Local GuideÂ·187 reviewsÂ·71 photos
9 months ago"
KPP Pratama Jakarta Cengkareng,213,"Ahmad Zidan
a year ago"
KPP Pratama Jakarta Cengkareng,214,"gus kom
Local GuideÂ·279 photos
4 years ago"
KPP Pratama Jakarta Cengkareng,215,"noer maria ulfah
Local GuideÂ·47 reviewsÂ·119 photos
2 years ago"
KPP Pratama Jakarta Cengkareng,216,"Aditya Yudistira
5 reviewsÂ·1 photo
2 years ago"
KPP Pratama Jakarta Cengkareng,217,"Ning Avivah
4 years ago"
KPP Pratama Jakarta Cengkareng,218,"Ronald Lukman
Local GuideÂ·39 reviewsÂ·21 photos
5 years ago"
KPP Pratama Jakarta Cengkareng,220,"Ismail Husna
Local GuideÂ·144 reviewsÂ·208 photos
5 years ago"
KPP Pratama Jakarta Cengkareng,221,"Tony Lim
2 reviewsÂ·1 photo
4 years ago"
KPP Pratama Jakarta Cengkareng,222,"Talita Kanisa
a year ago"
KPP Pratama Jakarta Cengkareng,223,"Jovita Manurung
4 years ago"
KPP Pratama Jakarta Cengkareng,224,"Ara
Local GuideÂ·11 reviews
3 years ago"
KPP Pratama Jakarta Cengkareng,225,"Ristanty F
9 months ago"
KPP Pratama Jakarta Cengkareng,226,"Fitria Ramadani
Local GuideÂ·3 reviewsÂ·8 photos
3 years ago"
KPP Pratama Jakarta Cengkareng,227,"M Dradjat
9 months ago"
KPP Pratama Jakarta Cengkareng,228,"Fendi unofficial
Local GuideÂ·3 reviewsÂ·11 photos
5 years ago"
KPP Pratama Jakarta Cengkareng,229,"asep wiyanto
9 months ago"
KPP Pratama Jakarta Cengkareng,231,"Supri Yanto
2 photos
6 months ago"
KPP Pratama Jakarta Cengkareng,232,"Erieza Yuliana Y
Local GuideÂ·31 reviewsÂ·30 photos
a year ago"
KPP Pratama Jakarta Cengkareng,233,"Pesisir Barat Lampung
Local GuideÂ·4 reviewsÂ·43 photos
3 years ago"
KPP Pratama Jakarta Cengkareng,234,"Muhammad Nur
258 reviewsÂ·3 photos
4 years ago"
KPP Pratama Jakarta Cengkareng,235,"M. Taufik
9 months ago"
KPP Pratama Jakarta Cengkareng,236,"Marisi Pakpahan
1 review
9 months ago"
KPP Pratama Jakarta Cengkareng,237,"ristoto martadiwirya
Local GuideÂ·23 reviewsÂ·89 photos
a year ago"
KPP Pratama Jakarta Cengkareng,238,"Lidya bermatias
2 reviewsÂ·2 photos
9 months ago"
KPP Pratama Jakarta Cengkareng,239,"winarno budi
1 review
9 months ago"
KPP Pratama Jakarta Cengkareng,240,"Elite Annisa
a year ago"
KPP Pratama Jakarta Cengkareng,242,"endah wijayanti pratiwi
4 years ago"
KPP Pratama Jakarta Cengkareng,243,"24. Rizan Hadi Kusuma
Local GuideÂ·2 reviewsÂ·118 photos
4 years ago"
KPP Pratama Jakarta Cengkareng,244,"Dian Indah Ayu Hapsari
a year ago"
KPP Pratama Jakarta Cengkareng,245,"Pemeriksaan Kppcengkareng
9 months ago"
KPP Pratama Jakarta Cengkareng,246,"Chotib Chotib
9 months ago"
KPP Pratama Jakarta Cengkareng,247,"Rafa Panjaitan
1 review
2 years ago"
KPP Pratama Jakarta Cengkareng,248,"Jihan Arum
Local GuideÂ·53 reviewsÂ·77 photos
a year ago"
KPP Pratama Jakarta Cengkareng,249,"Veronika Pangaribuan
1 reviewÂ·1 photo
4 months ago"
KPP Pratama Jakarta Cengkareng,250,"Aldi Marwansyah
a year ago"
KPP Pratama Jakarta Cengkareng,251,"Mahendra Lesmana
3 reviews
5 months ago"
KPP Pratama Jakarta Cengkareng,253,"Nelson Kontak
9 months ago"
KPP Pratama Jakarta Cengkareng,254,"cahyo nur Suhendro
Local GuideÂ·130 reviewsÂ·77 photos
4 years ago"
KPP Pratama Jakarta Cengkareng,255,"Supriadi Hadi Mulyono
Local GuideÂ·650 reviewsÂ·9,155 photos
5 years ago"
KPP Pratama Jakarta Cengkareng,256,"Sabar Donal
9 months ago"
KPP Pratama Jakarta Cengkareng,257,"Wilson Kombi
9 months ago"
KPP Pratama Jakarta Cengkareng,258,"Asta prameisti
9 months ago"
KPP Pratama Jakarta Cengkareng,259,"Eka Kuriarini
9 months ago"
KPP Pratama Jakarta Cengkareng,260,"hujangerimis channel
Local GuideÂ·15 reviews
a year ago"
KPP Pratama Jakarta Cengkareng,261,"Meilani Sabrina Sitepu
1 photo
9 months ago"
KPP Pratama Jakarta Cengkareng,262,"Diah Pratiwi Ningsih
5 years ago"
